,0
Agartala_Bangalore,1
Agartala_Kolkata,6
Agartala_Delhi,1
Agartala_Guwahati,1
Agartala_Imphal,1
Ahmedabad_Bangalore,7
Ahmedabad_Bhubaneswar,1
Ahmedabad_Mumbai,8
Ahmedabad_Chandigarh,2
Ahmedabad_Coimbatore,1
Ahmedabad_Dehradun,1
Ahmedabad_Delhi,15
Ahmedabad_Goa,5
Ahmedabad_Gwalior,1
Ahmedabad_Hyderabad,6
Ahmedabad_Indore,1
Ahmedabad_Jaipur,3
Ahmedabad_Jaisalmer,2
Ahmedabad_Jammu,1
Ahmedabad_Kandla,2
Ahmedabad_Kanpur,1
Ahmedabad_Cochin,2
Ahmedabad_Lucknow,5
Ahmedabad_Chennai,5
Ahmedabad_Nagpur,2
Ahmedabad_Nasik,2
Ahmedabad_Patna,2
Ahmedabad_Porbandar,1
Ahmedabad_Pune,2
Ahmedabad_Raipur,1
Ahmedabad_Varanasi,3
Aizawl_Imphal,1
Allahabad_Bangalore,1
Allahabad_Mumbai,1
Allahabad_Kolkata,1
Allahabad_Delhi,2
Allahabad_Gorakhpur,1
Allahabad_Pune,1
Allahabad_Raipur,1
Amritsar_Bangalore,1
Amritsar_Mumbai,3
Amritsar_Kolkata,1
Amritsar_Delhi,7
Amritsar_Srinagar,1
Aurangabad_Mumbai,2
Aurangabad_Delhi,2
Aurangabad_Hyderabad,1
Bagdogra_Bangalore,5
Bagdogra_Kolkata,6
Bagdogra_Delhi,5
Bagdogra_Dibrugarh,1
Bagdogra_Hyderabad,1
Bangalore_Agartala,1
Bangalore_Ahmedabad,7
Bangalore_Allahabad,1
Bangalore_Amritsar,1
Bangalore_Bagdogra,5
Bangalore_Belgaum,1
Bangalore_Bhopal,2
Bangalore_Bhubaneswar,7
Bangalore_Mumbai,20
Bangalore_Kolkata,21
Bangalore_Chandigarh,3
Bangalore_Coimbatore,3
Bangalore_Dehradun,1
Bangalore_Delhi,26
Bangalore_Goa,7
Bangalore_Guwahati,5
Bangalore_Hubli,3
Bangalore_Hyderabad,12
Bangalore_Indore,3
Bangalore_Jabalpur,1
Bangalore_Jaipur,6
Bangalore_Jodhpur,1
Bangalore_Cochin,10
Bangalore_Kolhapur,1
Bangalore_Kozhikode,3
Bangalore_Lucknow,6
Bangalore_Chennai,14
Bangalore_Madurai,1
Bangalore_Mangalore,6
Bangalore_Mysore,1
Bangalore_Nagpur,3
Bangalore_Nasik,1
Bangalore_Patna,5
Bangalore_Pune,6
Bangalore_Raipur,2
Bangalore_Rajahmundry,2
Bangalore_Ranchi,3
Bangalore_Surat,1
Bangalore_Thiruvananthapuram,2
Bangalore_Tiruchirappalli,2
Bangalore_Tirupati,1
Bangalore_Tuticorin,1
Bangalore_Udaipur,1
Bangalore_Vadodara,1
Bangalore_Varanasi,3
Bangalore_Vijayawada,4
Bangalore_Vishakhapatnam,6
Belgaum_Bangalore,2
Belgaum_Mumbai,1
Belgaum_Cuddapah,1
Belgaum_Hyderabad,3
Belgaum_Indore,1
Belgaum_Mysore,1
Belgaum_Pune,1
Bhavnagar_Bhuj,1
Bhavnagar_Mumbai,1
Bhopal_Bangalore,2
Bhopal_Mumbai,3
Bhopal_Delhi,4
Bhopal_Hyderabad,1
Bhubaneswar_Ahmedabad,1
Bhubaneswar_Bangalore,7
Bhubaneswar_Mumbai,5
Bhubaneswar_Kolkata,3
Bhubaneswar_Delhi,8
Bhubaneswar_Hyderabad,3
Bhubaneswar_Chennai,2
Bhuj_Bhavnagar,1
Bikaner_Delhi,1
Mumbai_Ahmedabad,7
Mumbai_Allahabad,1
Mumbai_Amritsar,3
Mumbai_Aurangabad,2
Mumbai_Bangalore,19
Mumbai_Belgaum,2
Mumbai_Bhavnagar,1
Mumbai_Bhopal,3
Mumbai_Bhubaneswar,5
Mumbai_Kolkata,3
Mumbai_Chandigarh,5
Mumbai_Coimbatore,3
Mumbai_Delhi,31
Mumbai_Diu,1
Mumbai_Goa,16
Mumbai_Gorakhpur,3
Mumbai_Guwahati,3
Mumbai_Hubli,1
Mumbai_Hyderabad,9
Mumbai_Indore,4
Mumbai_Jabalpur,1
Mumbai_Jaipur,6
Mumbai_Jammu,1
Mumbai_Jodhpur,1
Mumbai_Kandla,1
Mumbai_Kanpur,1
Mumbai_Cochin,5
Mumbai_Kolhapur,1
Mumbai_Lucknow,7
Mumbai_Chennai,11
Mumbai_Madurai,1
Mumbai_Mangalore,3
Mumbai_Nagpur,7
Mumbai_Nanded,1
Mumbai_Patna,6
Mumbai_Port Blair,1
Mumbai_Raipur,3
Mumbai_Rajkot,1
Mumbai_Ranchi,4
Mumbai_Srinagar,1
Mumbai_Thiruvananthapuram,1
Mumbai_Tirupati,1
Mumbai_Udaipur,3
Mumbai_Vadodara,1
Mumbai_Varanasi,10
Kolkata_Agartala,6
Kolkata_Ahmedabad,1
Kolkata_Allahabad,1
Kolkata_Amritsar,1
Kolkata_Bagdogra,3
Kolkata_Bangalore,21
Kolkata_Bhubaneswar,3
Kolkata_Mumbai,6
Kolkata_Chandigarh,1
Kolkata_Dehradun,1
Kolkata_Delhi,17
Kolkata_Dibrugarh,3
Kolkata_Dimapur,2
Kolkata_Goa,2
Kolkata_Gorakhpur,1
Kolkata_Guwahati,8
Kolkata_Hyderabad,11
Kolkata_Imphal,2
Kolkata_Indore,1
Kolkata_Jaipur,4
Kolkata_Jorhat,1
Kolkata_Cochin,2
Kolkata_Lilabari,1
Kolkata_Lucknow,3
Kolkata_Chennai,2
Kolkata_Patna,3
Kolkata_Pune,1
Kolkata_Raipur,2
Kolkata_Silchar,2
Kolkata_Surat,1
Kolkata_Varanasi,1
Kolkata_Vishakhapatnam,2
Chandigarh_Ahmedabad,2
Chandigarh_Bangalore,3
Chandigarh_Mumbai,5
Chandigarh_Kolkata,1
Chandigarh_Delhi,9
Chandigarh_Dharamsala,1
Chandigarh_Goa,1
Chandigarh_Hyderabad,1
Chandigarh_Lucknow,1
Chandigarh_Chennai,1
Chandigarh_Pune,1
Chandigarh_Srinagar,2
Coimbatore_Ahmedabad,1
Coimbatore_Bangalore,3
Coimbatore_Mumbai,3
Coimbatore_Delhi,4
Coimbatore_Hyderabad,2
Coimbatore_Chennai,7
Cuddapah_Belgaum,1
Cuddapah_Hyderabad,1
Cuddapah_Chennai,1
Cuddapah_Vijayawada,1
Dehradun_Ahmedabad,1
Dehradun_Bangalore,1
Dehradun_Mumbai,2
Dehradun_Kolkata,1
Dehradun_Delhi,9
Dehradun_Lucknow,1
Delhi_Agartala,1
Delhi_Ahmedabad,14
Delhi_Allahabad,2
Delhi_Amritsar,7
Delhi_Aurangabad,2
Delhi_Bagdogra,3
Delhi_Bangalore,25
Delhi_Bhopal,4
Delhi_Bhubaneswar,8
Delhi_Bikaner,1
Delhi_Mumbai,30
Delhi_Kolkata,16
Delhi_Chandigarh,7
Delhi_Coimbatore,4
Delhi_Dehradun,8
Delhi_Dharamsala,3
Delhi_Dibrugarh,2
Delhi_Gaya,1
Delhi_Goa,15
Delhi_Gorakhpur,3
Delhi_Guwahati,14
Delhi_Hyderabad,18
Delhi_Imphal,2
Delhi_Indore,8
Delhi_Jabalpur,3
Delhi_Jaipur,5
Delhi_Jammu,9
Delhi_Jodhpur,2
Delhi_Kandla,1
Delhi_Kanpur,1
Delhi_Cochin,7
Delhi_Leh,3
Delhi_Lucknow,11
Delhi_Ludhiana,1
Delhi_Chennai,15
Delhi_Madurai,1
Delhi_Nagpur,5
Delhi_Nasik,1
Delhi_Pathankot,1
Delhi_Patna,14
Delhi_Pune,12
Delhi_Raipur,8
Delhi_Rajkot,2
Delhi_Ranchi,7
Delhi_Srinagar,14
Delhi_Surat,4
Delhi_Thiruvananthapuram,2
Delhi_Tirupati,1
Delhi_Udaipur,5
Delhi_Vadodara,3
Delhi_Varanasi,6
Delhi_Vijayawada,3
Delhi_Vishakhapatnam,3
Dharamsala_Chandigarh,1
Dharamsala_Delhi,3
Dibrugarh_Bagdogra,1
Dibrugarh_Kolkata,3
Dibrugarh_Delhi,2
Dibrugarh_Guwahati,1
Dimapur_Kolkata,2
Diu_Mumbai,1
Gaya_Delhi,1
Goa_Ahmedabad,5
Goa_Bangalore,9
Goa_Mumbai,18
Goa_Kolkata,2
Goa_Chandigarh,1
Goa_Delhi,15
Goa_Hyderabad,8
Goa_Indore,1
Goa_Lucknow,1
Goa_Chennai,2
Goa_Mysore,1
Goa_Nagpur,1
Goa_Surat,1
Gorakhpur_Allahabad,1
Gorakhpur_Mumbai,3
Gorakhpur_Kolkata,1
Gorakhpur_Delhi,3
Gorakhpur_Hyderabad,1
Guwahati_Agartala,1
Guwahati_Bagdogra,1
Guwahati_Bangalore,5
Guwahati_Mumbai,3
Guwahati_Kolkata,9
Guwahati_Delhi,12
Guwahati_Dibrugarh,1
Guwahati_Hyderabad,1
Guwahati_Imphal,4
Guwahati_Jaipur,2
Guwahati_Chennai,2
Guwahati_Pasighat,1
Guwahati_Patna,1
Guwahati_Silchar,1
Gwalior_Ahmedabad,1
Gwalior_Hyderabad,1
Hubli_Bangalore,3
Hubli_Mumbai,1
Hubli_Chennai,1
Hyderabad_Ahmedabad,5
Hyderabad_Aurangabad,1
Hyderabad_Bagdogra,1
Hyderabad_Bangalore,12
Hyderabad_Belgaum,3
Hyderabad_Bhopal,1
Hyderabad_Bhubaneswar,3
Hyderabad_Mumbai,9
Hyderabad_Kolkata,11
Hyderabad_Chandigarh,1
Hyderabad_Coimbatore,2
Hyderabad_Cuddapah,1
Hyderabad_Delhi,17
Hyderabad_Goa,5
Hyderabad_Gorakhpur,1
Hyderabad_Guwahati,1
Hyderabad_Gwalior,1
Hyderabad_Indore,2
Hyderabad_Jagdalpur,1
Hyderabad_Jaipur,6
Hyderabad_Cochin,3
Hyderabad_Kolhapur,2
Hyderabad_Kozhikode,1
Hyderabad_Lucknow,3
Hyderabad_Chennai,12
Hyderabad_Madurai,1
Hyderabad_Mangalore,2
Hyderabad_Mysore,1
Hyderabad_Nagpur,1
Hyderabad_Nanded,1
Hyderabad_Nasik,1
Hyderabad_Patna,4
Hyderabad_Pune,2
Hyderabad_Raipur,2
Hyderabad_Rajahmundry,4
Hyderabad_Ranchi,1
Hyderabad_Surat,1
Hyderabad_Thiruvananthapuram,2
Hyderabad_Tirupati,1
Hyderabad_Udaipur,1
Hyderabad_Vadodara,1
Hyderabad_Varanasi,2
Hyderabad_Vijayawada,4
Hyderabad_Vishakhapatnam,6
Imphal_Agartala,1
Imphal_Aizawl,1
Imphal_Kolkata,3
Imphal_Delhi,2
Imphal_Guwahati,4
Indore_Ahmedabad,1
Indore_Bangalore,3
Indore_Belgaum,1
Indore_Mumbai,3
Indore_Kolkata,2
Indore_Delhi,8
Indore_Goa,1
Indore_Hyderabad,2
Indore_Jaipur,1
Indore_Chennai,1
Indore_Raipur,1
Jabalpur_Bangalore,1
Jabalpur_Mumbai,1
Jabalpur_Delhi,3
Jagdalpur_Hyderabad,1
Jagdalpur_Raipur,1
Jaipur_Ahmedabad,4
Jaipur_Bangalore,6
Jaipur_Mumbai,6
Jaipur_Kolkata,4
Jaipur_Delhi,5
Jaipur_Guwahati,2
Jaipur_Hyderabad,5
Jaipur_Indore,1
Jaipur_Chennai,2
Jaipur_Pune,1
Jaipur_Surat,1
Jaipur_Varanasi,1
Jaisalmer_Ahmedabad,2
Jammu_Mumbai,1
Jammu_Delhi,10
Jammu_Srinagar,5
Jodhpur_Bangalore,1
Jodhpur_Mumbai,1
Jodhpur_Delhi,2
Jodhpur_Chennai,1
Jorhat_Kolkata,1
Kandla_Ahmedabad,2
Kandla_Mumbai,1
Kandla_Delhi,1
Kanpur_Ahmedabad,1
Kanpur_Mumbai,1
Kanpur_Delhi,1
Cochin_Ahmedabad,2
Cochin_Bangalore,11
Cochin_Mumbai,5
Cochin_Kolkata,4
Cochin_Delhi,7
Cochin_Hyderabad,2
Cochin_Chennai,4
Cochin_Mysore,1
Cochin_Pune,1
Kolhapur_Bangalore,1
Kolhapur_Mumbai,1
Kolhapur_Hyderabad,2
Kozhikode_Bangalore,3
Kozhikode_Delhi,1
Kozhikode_Hyderabad,1
Kozhikode_Chennai,1
Kulu_Chandigarh,1
Leh_Chandigarh,1
Leh_Delhi,2
Lilabari_Kolkata,1
Lucknow_Ahmedabad,4
Lucknow_Bangalore,6
Lucknow_Mumbai,6
Lucknow_Kolkata,5
Lucknow_Chandigarh,1
Lucknow_Dehradun,2
Lucknow_Delhi,10
Lucknow_Goa,1
Lucknow_Hyderabad,3
Lucknow_Chennai,1
Lucknow_Patna,1
Lucknow_Pune,1
Ludhiana_Delhi,1
Chennai_Ahmedabad,5
Chennai_Bangalore,14
Chennai_Bhubaneswar,2
Chennai_Mumbai,11
Chennai_Kolkata,1
Chennai_Chandigarh,1
Chennai_Coimbatore,7
Chennai_Cuddapah,1
Chennai_Delhi,15
Chennai_Goa,2
Chennai_Guwahati,3
Chennai_Hubli,1
Chennai_Hyderabad,12
Chennai_Indore,1
Chennai_Jaipur,2
Chennai_Jodhpur,1
Chennai_Cochin,5
Chennai_Kozhikode,1
Chennai_Lucknow,1
Chennai_Madurai,4
Chennai_Mangalore,1
Chennai_Mysore,1
Chennai_Nagpur,1
Chennai_Patna,3
Chennai_Pune,3
Chennai_Ranchi,1
Chennai_Salem,1
Chennai_Thiruvananthapuram,1
Chennai_Tiruchirappalli,3
Chennai_Tuticorin,3
Chennai_Varanasi,1
Chennai_Vijayawada,1
Chennai_Vishakhapatnam,3
Madurai_Bangalore,1
Madurai_Mumbai,1
Madurai_Delhi,1
Madurai_Hyderabad,1
Madurai_Chennai,5
Mangalore_Bangalore,6
Mangalore_Mumbai,4
Mangalore_Hyderabad,2
Mangalore_Chennai,1
Mysore_Bangalore,1
Mysore_Belgaum,1
Mysore_Goa,1
Mysore_Hyderabad,1
Mysore_Cochin,1
Mysore_Chennai,1
Nagpur_Ahmedabad,2
Nagpur_Bangalore,3
Nagpur_Mumbai,7
Nagpur_Delhi,5
Nagpur_Goa,1
Nagpur_Hyderabad,1
Nagpur_Indore,1
Nagpur_Chennai,1
Nagpur_Pune,3
Nanded_Mumbai,1
Nanded_Hyderabad,1
Nasik_Ahmedabad,2
Nasik_Bangalore,1
Nasik_Delhi,1
Nasik_Hyderabad,1
Nasik_Pune,1
Pasighat_Tezpur,1
Pathankot_Delhi,1
Patna_Ahmedabad,2
Patna_Bangalore,5
Patna_Mumbai,4
Patna_Kolkata,4
Patna_Delhi,13
Patna_Hyderabad,3
Patna_Lucknow,1
Patna_Chennai,3
Patna_Pune,1
Patna_Varanasi,1
Porbandar_Ahmedabad,1
Port Blair_Bangalore,1
Port Blair_Kolkata,3
Port Blair_Chennai,3
Pune_Ahmedabad,3
Pune_Allahabad,1
Pune_Bangalore,6
Pune_Belgaum,1
Pune_Chandigarh,1
Pune_Delhi,12
Pune_Hyderabad,2
Pune_Jaipur,1
Pune_Cochin,1
Pune_Lucknow,2
Pune_Chennai,3
Pune_Nagpur,3
Pune_Nasik,1
Pune_Patna,1
Raipur_Ahmedabad,1
Raipur_Allahabad,1
Raipur_Bangalore,2
Raipur_Mumbai,3
Raipur_Kolkata,2
Raipur_Delhi,8
Raipur_Hyderabad,2
Raipur_Indore,1
Raipur_Jagdalpur,1
Rajahmundry_Bangalore,2
Rajahmundry_Hyderabad,4
Rajahmundry_Chennai,1
Rajkot_Mumbai,2
Rajkot_Delhi,2
Ranchi_Bangalore,2
Ranchi_Mumbai,4
Ranchi_Delhi,8
Ranchi_Hyderabad,1
Ranchi_Chennai,1
Salem_Chennai,1
Silchar_Kolkata,2
Silchar_Guwahati,1
Srinagar_Amritsar,1
Srinagar_Mumbai,1
Srinagar_Chandigarh,2
Srinagar_Delhi,15
Srinagar_Jammu,5
Surat_Bangalore,1
Surat_Kolkata,1
Surat_Delhi,4
Surat_Goa,1
Surat_Hyderabad,1
Surat_Jaipur,1
Tezpur_Guwahati,1
Thiruvananthapuram_Bangalore,2
Thiruvananthapuram_Mumbai,1
Thiruvananthapuram_Delhi,2
Thiruvananthapuram_Hyderabad,2
Thiruvananthapuram_Chennai,1
Tiruchirappalli_Bangalore,2
Tiruchirappalli_Chennai,2
Tirupati_Bangalore,1
Tirupati_Delhi,1
Tirupati_Hyderabad,7
Tirupati_Vijayawada,1
Tirupati_Vishakhapatnam,1
Tuticorin_Bangalore,1
Tuticorin_Chennai,3
Udaipur_Bangalore,1
Udaipur_Mumbai,3
Udaipur_Delhi,5
Udaipur_Hyderabad,1
Vadodara_Bangalore,1
Vadodara_Mumbai,1
Vadodara_Delhi,3
Vadodara_Hyderabad,1
Varanasi_Ahmedabad,3
Varanasi_Bangalore,3
Varanasi_Mumbai,9
Varanasi_Kolkata,2
Varanasi_Delhi,6
Varanasi_Hyderabad,3
Varanasi_Jaipur,1
Varanasi_Chennai,1
Varanasi_Patna,1
Vijayawada_Bangalore,4
Vijayawada_Cuddapah,1
Vijayawada_Delhi,3
Vijayawada_Hyderabad,3
Vijayawada_Chennai,1
Vijayawada_Vishakhapatnam,1
Vishakhapatnam_Bangalore,6
Vishakhapatnam_Mumbai,1
Vishakhapatnam_Kolkata,2
Vishakhapatnam_Delhi,3
Vishakhapatnam_Hyderabad,6
Vishakhapatnam_Chennai,3
Vishakhapatnam_Vijayawada,1
